{
  "model_type": "baseline_logistic",
  "test_metrics": {
    "auc_roc": 0.955678768154787,
    "auprc": 0.691609605951657,
    "precision": 0.8461538461538461,
    "recall": 0.5789473684210527,
    "f1": 0.6875,
    "accuracy": 0.9991188806259472,
    "fpr": 0.00017651939065506346,
    "confusion_matrix": {
      "tn": 56641,
      "fp": 10,
      "fn": 40,
      "tp": 55
    }
  },
  "model_info": {
    "model_name": "baseline_logistic",
    "threshold": 0.5,
    "feature_columns": [
      "V1",
      "V2",
      "V3",
      "V4",
      "V5",
      "V6",
      "V7",
      "V8",
      "V9",
      "V10",
      "V11",
      "V12",
      "V13",
      "V14",
      "V15",
      "V16",
      "V17",
      "V18",
      "V19",
      "V20",
      "V21",
      "V22",
      "V23",
      "V24",
      "V25",
      "V26",
      "V27",
      "V28",
      "Amount"
    ],
    "model_path": "models\\trained\\baseline_logistic_20260408_160214.joblib",
    "selected_at": "2026-04-08T16:02:14.582571+00:00"
  },
  "tracking_uri": "sqlite:///C:/Users/duong/Downloads/mlops/MLOPs_credit_fraud_detection/mlflow.db",
  "run_id": "309030598d854e0eb49dbca6998d814f",
  "mlflow_enabled": true
}