{
  "best_model": "LightGBM",
  "best_val_auprc": 0.9509858174274052,
  "best_run_id": "042c0650f22b45b896ddd92a122bfa9a",
  "results": {
    "Logistic Regression": {
      "train": {
        "auc_roc": 0.9023060661969655,
        "auprc": 0.28028469715010945,
        "recall": 0.7933688573120189,
        "precision": 0.053213140468791886,
        "f1": 0.09973670254830996
      },
      "val": {
        "auc_roc": 0.9013098552442248,
        "auprc": 0.28877093794011316,
        "recall": 0.78860103626943,
        "precision": 0.05295018090731979,
        "f1": 0.09923713894503489
      },
      "test": {
        "auc_roc": 0.9079740143804671,
        "auprc": 0.28826361200951206,
        "recall": 0.8088082901554404,
        "precision": 0.05415437987857762,
        "f1": 0.1015119492765404
      }
    },
    "LightGBM": {
      "train": {
        "auc_roc": 0.9999892865987903,
        "auprc": 0.9977444000434015,
        "recall": 1.0,
        "precision": 0.7235728820820392,
        "f1": 0.8396197104331076
      },
      "val": {
        "auc_roc": 0.9975015151802716,
        "auprc": 0.9509858174274052,
        "recall": 0.9450777202072539,
        "precision": 0.6514285714285715,
        "f1": 0.771247357293869
      },
      "test": {
        "auc_roc": 0.9989432652124337,
        "auprc": 0.9520333064315014,
        "recall": 0.9507772020725389,
        "precision": 0.6516335227272727,
        "f1": 0.7732827644332069
      }
    }
  }
}